Sex,Length,Width,Height,Weight,Non_Shell Weight,Intestine Weight,Shell Weight,Stage of Life
F,1.1010082884394867,0.1527781579891896,0.2903693307996293,1.8433336874355115,1.333894487473998,0.2287976618637704,0.5212659169232488,Child
M,1.1504071140891223,0.478207086574945,0.2597837931241485,2.523132377922636,1.4155866488211672,0.4531215436913692,0.9895983145627496,Adole
F,0.1812068452529879,0.2969976703330985,0.0263651667974286,0.4086641679316523,1.1930619320780844,0.3497607179574818,0.8040246651716562,Adult
F,0.2831266213266174,0.657412023383922,0.166543467644964,2.329867901607592,1.2943207459191115,0.5002044558571793,0.6371799132468435,Child
I,0.6024133016857085,0.2806524711282184,0.135889384497243,0.1651224992381366,0.5991457597371771,0.0097399179963576,0.3659827740286299,Adult
I,0.4400178240427062,0.505456589993277,0.1211911318689756,0.0938574596295581,0.4527339428345336,0.0805888090422407,0.0909237235451028,Adult
I,0.5662187735257374,0.1234183591451109,0.1342608951091998,0.7060093363021276,0.1310890552659877,0.161591243812845,0.1304575715179751,Adult
I,0.2632193580666607,0.4195245874787153,0.0890934945259334,0.0767837268550667,0.0760023824822454,0.1249608475832947,0.2247275377003456,Adole
M,0.2421698277068451,0.1920907672840129,0.1238447926471315,2.178314436542624,0.6804393717328563,0.1275644335633721,0.6752641574765303,Adult
I,0.1353215634335611,0.3238841203362622,0.1385549326365535,0.968975136795049,0.0707581684148241,0.1803073835174127,0.0340724876095041,Adult
F,0.9069997675986964,0.5380766503362266,0.0860865566131531,0.5899920120791404,0.5531615669982783,0.7772585877391515,0.7091167701174913,Child
M,0.0225760491264197,0.447725073041448,0.0150196073155288,1.7753436621588856,0.8426196538173194,0.307597910706943,0.3673220302771384,Adole
I,0.2837429265781127,0.4499696823734904,0.0969278281262211,0.1324804837176622,0.6311640607150365,0.057627029618676,0.0385547588890205,Adult
I,0.8396790383150318,0.5586588066789874,0.0718717975817041,0.9425327725447122,0.6809494354409015,0.2028001418032191,0.3161664052228869,Child
F,1.012758675487829,0.6427155116077609,0.1642320585751226,0.5178566428535688,0.432047935861936,0.9234544709369716,0.5628530473244816,Child
M,1.393132169763409,0.3820318555872155,0.2193889681296291,3.5981082014307084,1.4219980505504173,0.5427355088249852,1.151461650760775,Child
F,0.2784581353613998,0.7585750572443608,0.0309829564699275,3.6465210405554425,2.038180965722324,0.6350769584544703,0.4404663894318815,Adult
F,0.7693279024044986,0.1985274074959276,0.2118582522498703,2.160781035589458,1.3412816799195473,0.6269909298329314,0.3374139141314885,Child
F,0.3335734541213308,0.161308219611787,0.254536653572613,2.5178962181587314,1.9750668497257613,0.3169959700907703,0.0738680499080853,Child
M,0.8835302666614498,0.7303376613916417,0.2903253043111496,2.814725260211867,0.0109434348877013,0.3955260373509227,0.394082917406576,Child
M,0.7989456681322905,0.8425197347479916,0.0102218260279015,4.018173161036984,0.986648606530659,0.1655732509063162,0.845355912251717,Adole
M,0.5851436708956256,0.4661622744627686,0.1842140281816276,1.3417228488840944,0.5417502704289009,0.2877220945242702,0.3502972827038854,Adult
M,0.2711987013581805,0.304010887798041,0.4393356463206421,2.3991117321987905,1.541675555864816,0.6263046834537321,0.5197055804798363,Child
F,0.7308686495227645,0.800834791388569,0.0307104615174832,2.5795773311491,1.810333285421861,0.0870801568061661,0.3714153072287465,Child
M,1.4483364046418383,0.883820952471233,0.2883682106489811,2.9836336014358573,0.9684940038864992,0.1095886091358382,0.624297794187776,Child
I,0.6142896510588102,0.2075770183875893,0.099499932437064,0.4883452931533054,0.6417698294106049,0.1067853794808648,0.0108021773138895,Adole
F,0.2708368572578942,0.825812752832349,0.1711009742917589,2.421338248317186,1.7948133149968972,0.2698701010604423,0.6544422191614152,Child
F,1.0547071117740583,0.2376789759493603,0.1939920634215828,1.729473264937916,1.3644819992864214,0.3327532684999554,0.2173114289521575,Child
F,0.5725757359242741,0.4199955913187677,0.1458266735463282,0.7533260556861323,0.326408159258565,0.1460543623600916,0.1991116635501789,Adult
I,0.1160890701576599,0.4910268111947422,0.1437256513515829,0.5640600435446674,0.2377570768874481,0.0188296343334541,0.0295712551239695,Child
M,0.4157816751644876,0.2224630904240062,0.3765193884814976,4.336413084299419,1.075557149227743,0.7701425015702138,0.6009329919425019,Adult
M,0.6527608950753843,0.5110223610192283,0.1881102988925096,1.322192381240443,0.5444815937142565,0.263344653067589,0.4378295643453347,Adult
I,0.6028313918451832,0.137329936663699,0.055001029008002,1.1397052540854382,0.3605586698236437,0.0927484234622412,0.4051225895289848,Adult
I,0.7545749577240655,0.2931959568528888,0.1331959270066038,0.6844010715170984,0.3383864409963864,0.0652765185988142,0.2551648002578238,Child
I,0.3254429035920764,0.26542648236129,0.0916933822087502,0.975874370307008,0.1866590387204588,0.1440302945939529,0.0811286750103344,Adult
I,0.3052091287144165,0.3470092300420566,0.1412254411357128,0.2853870660551592,0.1057870605546051,0.1689218538957709,0.0423402475477313,Adole
I,0.5032759087939894,0.4581298434804627,0.1233405148957664,0.5397766181389911,0.087567099871023,0.2313919952660355,0.037778105290211,Adult
F,0.4360439405255176,0.3308457073742442,0.1202895455405482,0.3665390736957767,0.1307200691665009,0.1067084093719558,0.1123264843376919,Adult
I,0.3829115865343084,0.577525133588724,0.0664866532099436,0.7281304062720918,0.0233616599969311,0.2037045121045894,0.1571135510774299,Adult
M,0.1510941650049656,1.192890485203174,0.3917538928424265,0.6798671116827896,1.0424273217171407,0.6618688307503414,0.7864951407530097,Child
M,1.4371246656608474,0.8878475437932813,0.1202629951859631,2.378141133245718,0.3874650191454197,0.8410526409244526,0.2417253519067815,Child
F,1.1237943716919625,0.3853222446187649,0.3175914707069186,4.795450646461696,1.5751083000816268,0.5695304076966793,0.5739536869185863,Adult
I,0.5943915209917372,0.4235565104476348,0.1106472210673697,0.3103129072626722,0.6164119530580379,0.027058217271405,0.3979478830518814,Adole
I,0.4567948988351308,0.4982193653089699,0.0886878842755001,0.6858335961143838,0.3967988325891766,0.0339251933030098,0.1189000124877644,Adole
F,1.089055292613929,0.4645207692380278,0.1468884953358777,1.5135068104010654,0.6874805376262629,0.6171057838919699,0.1899436881340454,Child
M,1.8457534554751065,0.0247181193768957,0.2686511233404032,0.619986155528998,0.7951312947984964,0.6672445136738013,0.671948764363879,Child
F,0.259263082688179,0.2465918891498495,0.0298396810786379,2.278792538280092,0.237224018608038,0.0741877356618929,0.7340997905649654,Adult
I,0.2567352438997215,0.6573175969755277,0.1402879429080715,0.3203788818148014,0.5662258176945372,0.2222001126255151,0.0997385020207552,Child
I,0.2193280349331239,0.6412903176588858,0.0820666560340133,0.3361424035597481,0.0541231282197653,0.1777352979405252,0.3164040819653486,Adole
I,0.3939606625821337,0.5008261629706772,0.126628228840052,0.0694298158089509,0.4426742815172806,0.0791081500681489,0.0787504178279365,Adult
M,1.5174374828281254,0.8934023320930327,0.2871317088531639,2.96015849681074,0.955151362132332,0.1162717846600245,0.6099684201231009,Child
F,0.9416159136556004,0.1632310509328201,0.084616165718366,0.8885971929498011,0.4325633573945727,0.1336189618690925,0.8128755624996937,Adult
M,0.2290007560534744,0.4688032950886583,0.3393409066817615,4.75642580074557,0.7332630605487194,0.3779388233148958,0.9576146149981294,Adole
I,0.6954390496389844,0.1309846451286484,0.0578826526074115,0.8175236520187641,0.3254049397622121,0.1639171549004157,0.0053845198053442,Child
F,0.3052170523470225,0.2601861875427723,0.2773623286637796,0.9434650477315752,0.4022250093101014,0.7291567706227187,0.6851091747558898,Adole
M,0.0096605284517635,0.5295895620746814,0.2977040509408728,1.737969900737451,1.3426642969804905,0.4887832616232306,0.9582760963275956,Adult
M,1.671517875911628,0.6932160710272897,0.3114782109706132,2.855639561357224,1.3846362036734583,0.2635476632018507,0.5935011721993788,Adole
M,0.1891483990448019,1.1919839565167647,0.3794685726746689,0.5556149752318261,1.011229702221653,0.6819909049125183,0.7744354525545749,Child
M,0.98665170229402,0.1647474677212534,0.3415306081764514,3.975185575165561,1.0541595990011088,0.0031679600127529,0.711676330281984,Child
M,1.808289679540584,0.0677427342019259,0.2579650280225903,0.6064360255348615,0.8133244793281191,0.6539877924297498,0.6695296132161755,Child
F,0.6057881606579163,0.4073491720755878,0.2418358916812381,2.8614716650786463,1.1520413427952654,0.0366976253311364,0.0873656367907365,Adole
M,0.2381952399828656,0.1532699801967134,0.0216179302674531,0.8718394956503662,1.033161937048012,0.9214041113861028,1.0878358553725391,Child
I,0.1442165498797884,0.4477466251098044,0.1361523296056504,0.913890417049498,0.1905762218065788,0.0305334959850009,0.4047976444218394,Adult
F,0.7466808158521703,0.7989759492563246,0.0310009182729123,2.620639186735514,1.8067451185404253,0.0640112583296683,0.3956301402874813,Child
F,0.442484046475636,0.7025645221090591,0.0343680497782011,3.8142452138036136,1.113988816196495,0.3699460772427707,0.5683550268196637,Adole
M,0.6158463524544056,0.4760415638872084,0.1711540151586053,1.312633013008232,0.5476479497607344,0.2900832128490611,0.3806058182749476,Adult
I,0.6087062343444947,0.2715038161964796,0.1321963791599092,0.2002509821919494,0.5598054970742421,0.0011743729091081,0.389846352365528,Adole
F,1.070353235240697,0.2561643166232689,0.0306621244384138,0.0396269931722202,0.2216181331885743,0.8858674669102485,0.0503958347370508,Child
F,1.06412148636095,0.1352622283457377,0.2794084080876752,2.031557011855697,1.410157250722181,0.2498557987552647,0.5186363759765007,Child
F,0.6186236574092611,0.3664770978544815,0.1455350334872673,2.129280575570313,1.0637799818553062,0.074410699710538,0.2374678729818783,Adole
F,0.1147748887194305,0.4732186301512821,0.0931214600109275,4.032707570601066,0.276521477327693,0.5793701676034135,0.0842132313753832,Adult
F,0.7168849242384581,0.1968070420460625,0.2150394374191963,1.9862690221916088,1.319113151077809,0.6221454822199725,0.339276024442205,Child
F,0.5960466577751631,0.4331365725330913,0.159340332988097,0.7132586270224577,0.3236259011222005,0.1558224460672872,0.2178064472395129,Adole
M,0.3064561068846815,0.3032973032696572,0.428757058378633,2.47797900954634,1.5458844740606386,0.6351471539609855,0.5232597314000863,Child
M,1.6175671992694092,1.0669986051596627,0.2929238775198781,2.220067637526677,0.7755228235739323,0.710208102338694,1.023717058427738,Adult
M,0.6774690251555826,0.553793426535949,0.1938624534560623,1.3163069927332247,0.4900641813613908,0.2634943230394593,0.475311486257314,Adult
M,1.123697355955056,1.0628968718892753,0.0337496846180791,3.396503040175025,1.5490561108308805,0.1994107826937277,1.1363076817392648,Child
F,0.5199801804910166,0.3509349289838896,0.2301974799802845,3.349736554718132,1.154536235317068,0.1314692640013279,0.4236029217295486,Child
I,0.7319014087571146,0.5232337801583281,0.1685888741297774,0.6712854015792644,0.1978696510253362,0.1767657730279932,0.0864662578928957,Child
I,0.4771593011119019,0.5058178065926907,0.0858726200583819,0.6962525677739955,0.388402642404249,0.0231864349157721,0.1355989511371578,Adole
M,1.4122778702776326,0.8780488823764986,0.1206895065987041,2.4666426982158343,0.4040468128155983,0.8560774832956597,0.2381380725442409,Child
F,0.4572217601344995,0.3503606911582905,0.1257413009495784,0.4176949053833294,0.1592322062608155,0.0932016383762166,0.1372762660624579,Adult
I,0.5435019938013244,0.2743093823148297,0.1505777696052307,0.8369938961106175,0.4869454256159925,0.1945194497484299,0.0741711491704845,Child
M,0.6469892193303742,0.60918028445702,0.0499217886201362,0.5465790608829048,0.9824213706715096,0.7185700542525796,0.2300486581257657,Adult
F,0.2676014701824737,0.7657341406950464,0.0338469669352197,3.641589274005277,2.0291141439264626,0.6501849591584271,0.4548187279899985,Adult
M,0.894087617035708,0.7266803780595344,0.2862038664285042,2.8259920263239886,0.0798815495619916,0.3947562334509764,0.3485044265652974,Child
I,0.5350879790039236,0.706128417864915,0.1210288201292856,0.2332763909670927,0.0070731732219098,0.0389670361796048,0.2637684851927482,Child
I,0.454451650516284,0.5536700294336706,0.105506070170039,0.387304875565924,0.1450709186707251,0.0958479837139354,0.1633801063635362,Child
F,0.2483567772570033,0.819495957124697,0.1662974120048925,2.4271453444701727,1.7948749655425305,0.2734350818122579,0.6369065687354136,Child
F,0.6016709163397906,0.4151040783282289,0.2543044802817856,3.6940520457207913,0.0546047163544581,0.1199948743332022,0.0231081494022581,Adult
F,1.0020780894119925,0.1184899264752403,0.0599735380622563,2.226839756058813,0.3504815204226258,0.4689208036514317,0.3283127578545603,Child
F,0.2037721646275249,0.2493967247674662,0.1432474252818176,2.1241397853473774,1.3036587706603695,0.6399857818951287,0.4084384654793004,Child
I,0.2567590623604779,0.6626421492381008,0.1440455449906039,0.2062024434396832,0.5699496999527193,0.2352063121227315,0.1292167116975567,Adole
I,0.402817562878582,0.6982750088339158,0.0567142085849709,0.1333885069381022,0.7131028845400652,0.0892358342897005,0.3547558142055633,Adult
I,0.5042539985310246,0.2185462630628757,0.0865980333687651,0.5038959801535147,0.0518061311152723,0.2127633171726831,0.3476374396298818,Adult
F,0.954340329717803,0.2441163863892892,0.0747353863951729,2.2387818828469213,0.6671278930312672,0.1857038360244054,0.0323585978097076,Adole
M,1.5729757660928634,1.2343206257800918,0.4098099599111067,2.3376775285868825,0.0275662762125288,0.4786604068432535,0.4157444314107835,Child
F,0.0266536930749112,0.6461943975663974,0.0503473700632014,0.4416102711318387,0.5363148555598837,0.6177444945210677,0.6341803464896104,Child
F,0.5996621689058923,0.4477864471255859,0.2577379290745218,3.8229429412713993,0.0663813927193255,0.1214377679457905,0.013982921353148,Adult
F,0.6296615300421063,0.1255490735749059,0.2475108515884723,3.535447792374429,0.0277115942718304,0.2959610303502176,0.2580621734678213,Adole
M,0.3731788962750189,0.6571937613326451,0.1572970810349248,0.9051144858453414,1.1627703996112213,0.5147739253291278,0.9758786269014385,Child
F,0.5847200663088701,0.8398527247188478,0.1400537880015608,2.37393635057962,1.27794793355865,0.2978726564617468,0.7376100277356132,Adole
I,0.5056202936664632,0.5047648172431586,0.0881493983173782,0.6812702578207953,0.4125978134895627,0.0517229205375455,0.1277031187231319,Adole
I,0.5655879384061906,0.1427208279214795,0.1354307737460477,0.7244817101213062,0.0863440372460763,0.1763662771541462,0.1342704072034139,Adult
I,0.6171651355096525,0.1838103303972374,0.0670627625537736,0.0023914271278435,0.5511327180411315,0.1883496718258751,0.1888941898674009,Adult
F,0.6033022575890272,0.4599520774594554,0.086522705448483,0.9309717042995822,0.3148536824422567,0.5322313450639307,0.410907983059483,Adole
M,1.413533506821025,0.6756480027373305,0.2005812854340936,2.86669421767832,0.4329522145523019,0.2893181125016406,0.3411080586962904,Child
F,0.2137153546854246,0.8175102690850224,0.2116355237998928,0.6979908940541198,1.0873036116922987,0.2503833735585995,0.8354856890083904,Adole
F,0.3810130596296339,0.8266099104341442,0.2475629718284322,0.1443812978300868,0.7960415676562607,0.5283778579923345,0.8781541004584249,Child
I,0.5985992120197252,0.1442614958363041,0.0506281177381672,1.1846534368977644,0.368891775216714,0.0829866430597425,0.4063689801280706,Adult
F,0.2476464132580384,0.0907618278042198,0.1925842537678587,2.8638140969684813,0.9360336767796928,0.1500353480700641,1.0215379340855617,Child
I,0.5737991595564127,0.295805135962679,0.1305782095497431,0.1377509322226379,0.5999451426720562,0.0160127411156898,0.3949854147455747,Adult
F,0.6114450786028707,0.3497735795094255,0.1515114292435714,2.1274116822807905,1.0285930979174,0.0887680875916164,0.2562779475080401,Adole
I,0.144491730505787,0.4478813443979542,0.1055531310825006,0.0310436787884721,0.4684038120130559,0.0575808106629009,0.2218234080236984,Child
M,1.189601621348678,0.9682698637785648,0.088862830735692,0.8904741695351348,1.0718365637446414,0.8136295172413953,1.084089029633556,Adult
I,0.2049788698912966,0.2261813833576124,0.1172261528247742,1.5438892923984897,0.4563019953315531,0.1470128721657874,0.328620314639226,Adult
F,0.6543384536278475,0.0150320138215377,0.3591339773227113,2.9702523505315934,1.9636702632792915,0.6174289830011507,0.0748325709582166,Adult
M,1.1733403164903298,0.307989771147461,0.264339111222432,3.239804374789861,1.224814434237569,0.2008489788672929,1.2077366184590987,Adole
M,0.0755023954266037,0.3363533701638438,0.2086041708599463,1.7672219831204965,1.2315882294948992,0.6897815293332776,1.009908265094386,Adult
M,0.0474970709514942,1.1034486277266318,0.3867456379358745,0.4209834676728873,0.749599689333366,0.3702945055646558,0.6002153530725065,Child
M,1.096231303341367,1.0734978192147258,0.0389516533619195,3.4069571592991714,1.5643171841825732,0.1925344725792487,1.1598272973885673,Child
M,0.2198118921227179,0.4836604544498602,0.3468072478138066,4.793732258625145,0.7478498986082328,0.4056705611445678,0.9695247282629048,Adult
F,0.5737778983276399,0.4103792024723668,0.1491400093979776,0.63322745349263,0.2353087234914633,0.159118045993486,0.184795821546906,Adult
I,0.5296579079929821,0.3950357250796097,0.1104503476458707,0.5622076488918503,0.2298438276669068,0.0897989332283619,0.1626582987908132,Adole
F,0.8066914536619871,0.0769174231498913,0.2922260525036756,3.7821607968797752,1.0622063614712074,0.7604088823766081,0.5080672598148209,Adult
M,0.5055962304184531,0.7871683280343214,0.1660593823012397,0.9806435928070548,0.9496273322532446,0.6892305694283435,1.0616632030442428,Child
F,0.9586256321996836,0.2162638797888402,0.0800312326606367,2.29304361355531,0.6527039569227002,0.1893819756278428,0.0339568113239429,Adole
F,0.216308257081601,0.1063752688980109,0.0447699566267097,0.2205585261893342,1.0042297653440952,0.0152029701637072,0.3078461209309185,Child
M,1.5889394215320063,0.5573309501791845,0.2192951514117904,0.4734458263691599,0.8536783872430499,0.8069457216784346,1.0350438089723293,Child
F,1.0402453152642268,0.2256410808762841,0.1971987623622102,1.640025294414163,1.3662958505249805,0.3440660096692092,0.2252384780931992,Adole
M,0.6604971591721353,0.5528138628953859,0.1834807550320646,1.3525535727985778,0.5117925343825435,0.2825536260610942,0.4737624246334385,Adult
F,0.567086979394199,0.7414148207878711,0.2921939266656926,0.058748255423411,0.3967661510865153,0.0428823466936188,0.4748953826547281,Child
M,1.4722840308395908,0.8924323618650102,0.2847200257705309,2.897401305899724,0.984069031375776,0.1082366700194813,0.6103368293773788,Child
M,1.4923667671401395,0.307209501605776,0.3114033269045047,0.1947291401802006,0.9961506379379118,0.6333643779946283,1.1826708377545605,Child
M,0.6396344895629822,0.5636299469018703,0.0274764945463992,0.4884707053226841,0.556337593741258,0.9109215135028366,0.3222685469120491,Adole
I,0.2970716428339063,0.4206926583245403,0.0796851928898447,0.0205963032614376,0.1402419361917978,0.1132053754322238,0.2070115242081591,Adole
F,0.0620110049687356,0.6515028126237431,0.202748965754975,0.3489674919649131,0.7969209844255365,0.2718522754246824,0.2925132288666331,Child
M,1.072447971886212,0.0384503488274461,0.4786597084067527,4.0387952697660845,1.1704514701137,0.345030744869783,0.618253677644841,Adole
F,0.4707991872037848,0.3472171143432078,0.1244606293468703,0.4191050395545704,0.1820407430624506,0.0814280277696938,0.1285680926668701,Adole
F,0.1799575569961049,0.2430520844951515,0.1427872583058698,0.945332954170598,0.5415577757390516,0.3656569902775919,0.3248781773518772,Child
F,0.6062438442351336,0.4019827480987398,0.2350508237518214,2.788597055585036,1.1323909348206136,0.0545344068325864,0.1006222587955697,Adult
M,1.3599207943077172,0.3851930745938304,0.2197243315118769,3.561271564992744,1.383399589312306,0.5397756826681743,1.1495385036392942,Child
F,1.077687493628409,0.1522791166992673,0.2882447211127349,1.9424654167313,1.4184024909586286,0.2427279471548792,0.5180654579702713,Child
F,0.1135541815544171,0.7873997534794406,0.2106507799962799,0.1928288115107744,0.4447314383900446,0.7095612019432729,0.8704294102588567,Child
F,1.2709744477895006,1.3859016740205152,0.359295088827418,2.607051430805907,2.167374240077528,1.0023624286503952,0.1521032999885834,Adult
F,1.9083359082777391,1.4141579956633126,0.3841194995384516,2.450564527469936,2.130193937340389,1.014591739845763,0.4296321737337301,Adult
F,1.9616576425647827,1.344969673878245,0.311928771994383,2.2344086635736566,2.236226825991734,0.9206477301006076,0.5088253301972229,Adult
F,1.8956103779829645,1.235032278487976,0.5306611328459412,3.260910108385952,2.1970777875466285,0.8880463925080615,0.1423385521274649,Adult
F,1.9175448717601649,1.2546331771394803,0.5354799595557103,1.6139937917005616,2.109388350402928,0.6560058117512645,0.0330929843965078,Adult
F,1.1623885582966498,1.3859095227992235,0.4188731808773042,1.687513387959478,2.0625241505554484,0.8765117304713311,0.2490186952383901,Adult
F,1.7181162781966706,1.3840566028394006,0.4935173433699051,1.030825392969476,2.214339331981107,0.362871711751229,0.181907168086134,Adult
F,1.94584600002616,1.2725348346354397,0.548696751238229,1.2006750582853345,2.124034263398083,0.5923125770768529,0.0872695267529406,Adult
F,0.8077476862961973,1.284589397307882,0.4600092638433156,0.7547856147518636,2.1749135345956354,0.8071780176566862,0.1975481958477968,Adult
F,1.832447497069354,1.3518165061278382,0.2032146030688627,1.616531722564283,2.2245548932534005,0.5597953979954897,0.0976795658892035,Adult
F,1.3399340814155356,1.334042813965321,0.5316617903275427,1.824164693025148,2.1952057253696973,0.7609099824643349,0.8940731143337926,Adult
F,1.5344797037825122,1.403263222815632,0.5314820204072994,3.3126949652920934,1.9285072855233272,0.9675462763310868,0.4339307175689927,Adult
F,1.8607206162163616,1.2383258393890244,0.5510480906631793,0.7811981622929325,2.191120626327908,0.8856712650998663,0.2800782503763137,Adult
F,1.688746098185153,1.3603363397278878,0.3154446845728055,1.7526301645617592,2.214647176782239,0.736086132660028,0.6502598790014474,Adult
F,1.61421873152159,1.1933370633984564,0.3754935307635209,2.5521936074666423,2.130033970846581,0.9559854555748094,0.3404986925436871,Adult
F,1.7514963277050506,1.2903307691041082,0.5244800010469015,1.119818136902755,2.185095534729148,0.3138343293373976,0.2092850888896616,Adult
F,1.6841234883745506,1.3312086162323151,0.4663058845403662,1.6926713215532638,1.9304976766782027,1.034194132162338,0.1861240466189746,Adult
F,1.7887820721479544,1.397354386041118,0.3934980786320309,1.26598196320137,2.072329919471781,0.8262296741715132,0.2263587079964186,Adult
F,1.6678958801697434,1.3964428190354434,0.4306233972875028,1.1549412277599989,2.135192668712866,0.5066622966308819,0.3248413369608096,Adult
F,1.2506397250625492,1.1950163079773428,0.2300229917778145,1.680931927321642,2.2280743688687314,0.8167680157291102,0.312583763100598,Adult
F,1.7577606062515987,1.3614100538350868,0.2286906576176836,1.9696306878194103,2.0634491582667622,0.7155408176651421,0.1100344350525376,Adult
F,0.9424680849732524,1.3338251573627005,0.5131751824391286,2.3492537718804627,2.036672824948871,0.8101944745867855,0.3643584051775876,Adult
F,1.3367178104353472,1.2236979216381152,0.3992258194468621,0.7390886293469282,2.223972403169295,0.9477520096863988,0.3691843410341278,Adult
F,2.0039233715277893,1.2594538382606664,0.381387546502576,3.695664682730651,2.095564726084813,1.0466821135113564,0.4388008296722062,Adult
F,0.1136073545148702,1.3979526564961822,0.5000981024005028,0.6962428497678318,2.162758591230749,0.7910865860395326,0.2528271519446738,Adult
F,1.6323581925620831,1.2571794748712142,0.5511480383615939,2.94334647389151,1.965430050278924,0.773216836331609,0.1186847692209643,Adult
F,1.9580379366708909,1.2376056969096807,0.5581296136335908,2.722352499960509,1.96541863678762,0.7823362262396335,0.3624801689600302,Adult
F,1.940454593062372,1.0985254737479295,0.2356101526192944,1.49210354884916,2.243288578385365,0.7551397756500562,0.3332565001285202,Adult
F,1.7487660451953717,1.3504441335496775,0.5222155717383955,1.2095437815507797,1.9161535617928616,0.7499696364188109,0.0042602646891494,Adult
F,1.035501042697984,1.201550774179301,0.22532508936508,0.9131078230572292,2.231779417119177,0.8733446235392001,0.296822912683914,Adult
F,1.8165194405964515,1.332389454993407,0.5401913241107514,1.5805397042893707,2.0014087547118624,0.5609619021019532,0.381953063809003,Adole
F,1.9560124612314316,1.3638753772428884,0.0645546778547598,3.654504644209749,2.235512298391025,0.9469592564784298,0.1308110911431945,Adult
F,1.468084868834691,1.3576428521135442,0.4225123364563524,2.25267140943787,2.2390262847895603,0.3191161954177462,0.2265005222196176,Adult
F,1.7626571675714826,1.3403470612729718,0.4017484267615971,2.614207949748049,2.235052190232815,0.8764411800311197,1.2579607796730388,Adult
F,1.3576086376139185,1.343206896121732,0.5520796522937333,1.2985634295779025,1.8741784454369577,0.495677871780703,0.0257453117786997,Adult
F,1.2647265636840956,1.2967717284737408,0.3093968373366071,2.506027326979461,2.129204919868277,0.8993427980622885,0.4271327475002318,Adult
F,0.2967542372063835,1.3671407640968587,0.5355289211804588,0.619806055764778,2.042346058605859,0.9466247121449743,0.3144885718700707,Adult
F,1.470012477331989,1.356045356813913,0.4831408497866069,2.59919718564756,1.7258553657719116,0.9266687938687392,0.0457934860077968,Adult
F,0.733533767605161,1.317559689905186,0.3953565984994153,1.7169413949997272,1.995344049441838,0.8869259805746418,0.2992575970412423,Adult
F,2.0053817327074213,1.365661210134598,0.3296046299902619,2.473143693942248,2.2402897804056106,0.7668049508089665,1.374249623785549,Adult
F,1.9183505999596693,1.162677147659884,0.238858809671766,2.571737517331077,2.18060186909524,0.7297297458821217,0.1608167451579266,Adult
F,1.7406460492331468,1.3917950412636502,0.2456017805995322,1.612384115573646,2.2058176790574207,0.7295945099336123,0.7992664395750115,Adult
F,1.7641641774909904,1.1470680673384783,0.4667537096087749,3.212720826980397,2.2293637603255934,0.7865128627797409,0.2685437098413514,Adult
F,1.8385788357403872,1.3182944281199125,0.3550928132673799,0.6273011803155918,2.228110793593859,0.6685967747419846,0.21990437536139,Adult
F,1.630080541963631,1.1090826892341137,0.3231193661681246,1.3898427648586145,2.2125523226963097,0.5885134720251296,0.0910553075433046,Adult
F,1.5546852520797552,1.2739935488728549,0.5503591430733035,3.1383968320189606,1.995338477583375,0.6511014083352977,0.0333831939302227,Adult
F,1.1777013103367124,1.412351507353534,0.5531340496504406,3.734059719902316,1.8679045864922257,0.8596503345689722,0.0813447533499433,Adult
F,1.8319090431823668,1.0703831575561804,0.3296166307216415,3.981197131013552,2.222310690774392,1.0382247150245487,0.078923930314339,Adult
F,0.7332589042824681,0.5579152594423317,0.1228639415383207,1.1930588687106929,1.871141678694351,0.3486713029833008,0.6557271270875079,Adult
F,0.7926605560346814,0.9429541628813136,0.2455145117436308,1.2467812020492652,1.6780876531797828,0.3743179669722025,0.9050354780896652,Adult
F,0.5166681942732538,1.053603195949207,0.3005577278425899,1.05868003668916,1.4566225022215324,0.4098370985242974,0.1679681020289666,Adult
I,0.75129672999372,1.3937431880786728,0.1944614919740935,1.8404305121752969,1.6120941623604663,0.5291369603179246,0.7204114487243333,Adult
I,0.6543260528150271,1.12179081766038,0.317203160431205,1.1813813689931798,1.6948140689481308,0.3730060488107308,0.8215157852840916,Adult
M,0.9520626706632628,1.067322491933,0.3640911265065528,1.002778026261076,1.5693792091399412,0.3013966202090495,0.5155013744206064,Adult
F,0.9692737247088452,1.012414396859615,0.3137996174289024,1.4816450806221029,1.6335457373398243,0.3668700304875491,0.8130362195614019,Adult
F,0.6549002960527845,1.0260923248730751,0.4961407809121358,1.634690617596252,0.2594393958462426,0.4401055516293026,0.5925561071539931,Adult
I,0.5292924868251861,0.949466841238658,0.3061581939210907,1.2189251652061672,1.5441717618039452,0.5130538772554297,0.2986842819907741,Adult
I,1.1045184479549233,0.9950193722172058,0.439497767089644,1.8027661595205409,1.5705198728605188,0.3739065784613917,0.8310373167520609,Adult
F,0.7574937785089941,0.5385714330523058,0.1210111835200001,1.6269703679774006,1.9286145409526196,0.6159718952535739,0.7489409746340201,Adult
F,0.7203266536635786,1.370014871603821,0.2772907120525604,1.4453721286963044,1.5398603583278496,0.4546365153878899,0.8459076044389546,Adult
I,0.8041896191856817,0.946276882467226,0.4320429070414433,1.125548350963434,1.8168651476338429,0.5735574823947186,0.2069231300048447,Adult
F,0.6978781363718782,0.8939621832606298,0.4176630042405828,1.8122377484317604,1.6654740496236882,0.3877935373732946,0.6622606649820731,Adole
F,0.4633296192373288,1.1320576579891797,0.3958121433215384,1.3256405878404502,1.552885509508486,0.4535441854270242,0.8509828732763166,Adult
I,0.4174333034976489,1.009914803403672,0.1324747205165398,1.771887402250093,1.4639230396085026,0.8736004457527118,0.6811483492715494,Adult
I,0.8607642748074735,0.6583458224222852,0.0858010863651339,1.1109419615063476,1.633005921606418,0.4155801207110859,0.6867522019855952,Adult
M,1.055761634583771,1.3797458720351208,0.1999302775651278,1.120672230573705,1.6593868445023867,0.4363329696078404,0.846845484381673,Adult
F,0.6401200826237023,0.979959215966043,0.2022202137849001,1.2565965781909074,1.4335152128302893,0.4827660207103073,0.8096033109902807,Adult
M,0.675218745029216,0.9546181645721862,0.2282825248412314,1.2733539202802917,1.7337477707274445,0.2878122373449061,0.6372136595203225,Adult
I,0.7189023471726897,0.4129456872742459,0.1002179311719277,1.2614150695291193,1.5512339824640045,0.6762541103938926,0.8635316005809843,Adult
I,0.9862462397204904,1.197348234585981,0.3130203411623294,1.1510979397787426,1.2996005822770842,0.5077960839535114,0.8302645254253579,Adult
M,0.6977186629550046,1.2808244948751,0.3310568883103898,1.2966929783825498,1.4327036910303594,0.7765954428779829,0.1958344297254588,Adult
I,1.0065284079181274,1.2986002434250754,0.4306621199151674,1.4418459604655425,1.2595299730418708,0.2132361598459501,0.8481722061558222,Adult
M,0.2878637440936599,1.276224287876195,0.4508874041306202,1.639533088954976,1.4951894403258892,0.410529243046359,0.2758605553067209,Adult
F,0.4202757570673202,0.8940046183548618,0.0870441075166549,1.6362855664819689,1.572889320555822,0.2584355134139849,0.5358416947835077,Adult
M,0.4317954487621633,1.061942452459578,0.4215348614757668,1.6986448349867038,0.3712872891212654,0.4093388836586311,0.8479773389938454,Adult
M,0.6896654263688008,1.003093306589398,0.3979896913359819,1.8014316591907515,1.558253058964418,0.4621618632859051,0.8090646061414778,Adult
I,0.5108640416981414,1.240251158206517,0.423507641084113,1.3035278599148947,1.6320847393085598,0.4360786280978663,0.7128063901983929,Adult
I,0.9100578381629364,1.1606722164243914,0.3329304783945345,1.8088534942594372,1.7990039674840514,0.4037683657586362,0.3672522296089398,Adult
I,0.7947666075732439,0.5414201501533065,0.1009141647711492,1.6620728892440932,1.7883298247561574,0.7542179533341782,0.5009383406281062,Adult
I,0.7410720142132091,1.319971346196842,0.4112247308876502,2.1323616495363846,0.1717606363984142,0.3041304807316362,0.7398127805586256,Adult
F,0.5907082452163817,1.012242424211785,0.4307321977993448,1.0344348565771235,1.5035527807524924,0.2547970587384887,0.7283572573128476,Adult
I,1.0267922366544555,0.9467702500714182,0.3414536437388477,1.0659740338093635,1.557447226410121,0.414776026449619,0.4362536255064412,Adult
M,0.7122298016092686,1.2716293888306305,0.3535822561001102,1.4933598344749466,1.8116460898865232,0.3343334306314461,0.2671101080525536,Adult
I,0.859675760277109,0.9062410856054176,0.3589926667704584,1.331442883898198,1.7317569815037592,0.3282260678954328,0.7106258544122709,Adult
F,0.476990667148047,1.4020970379361095,0.3107905189388395,1.101986807860048,1.4787218159882511,0.2417169746148216,0.2471850577126433,Adult
F,1.110345259557617,0.6205160600435579,0.1170576633435157,0.6076290017301937,1.8401897420089792,0.3229233271394613,0.7039016749878492,Adult
I,0.9451752291133024,1.414295330157685,0.219329001367774,1.875475017107028,1.5217260521990297,0.3422535405636808,0.4605870533576499,Adult
I,0.4765400849804009,1.1241921145714846,0.3973866592606951,1.9242901746550487,0.4245886806504645,0.6649112213433798,0.6902007191981715,Adult
F,0.6733443749375634,0.6903708698702056,0.4154151117190465,1.279380134685692,1.5733016938728688,0.4574139496552047,0.851040896396308,Adult
M,0.7171616286922978,1.3121072054577594,0.3397139952780506,1.889071545847122,1.5472503135862183,0.1313978085206412,0.9021968622409224,Adult
I,0.7528598302180243,1.2757453006903543,0.4212117464318213,1.5945596114375775,1.604872500821401,0.7702625230977647,0.4710103598346405,Adult
F,0.7017690462294609,0.4652980515447358,0.1194190045897847,1.80901231757676,1.4693069641688374,0.588613865938497,0.5125931119839786,Adult
I,0.3813593842868982,0.9112453752934996,0.0739722974742314,1.412291189010045,1.4141303162555394,0.7440704586423575,0.0693770631130555,Adult
M,0.7823031381396086,1.079718404904091,0.3193410839471395,1.33474554857023,0.9679901063299348,0.7582788373255633,0.1655548707296217,Adult
I,0.4061367475775593,1.0604265693092412,0.36708181251644,1.4377107982080577,1.4633373735854731,0.4068340960931877,0.4341927676530875,Adult
I,0.8287434129537083,1.3864127320833437,0.3421937155764844,1.760340699539001,1.6915679506378072,0.7748079306979323,0.4364202511945098,Adult
I,0.7389448578680909,0.1121941405746307,0.0426309650424887,2.3607876031984056,0.0275533461667725,0.209696590764305,0.4005757531973017,Child
I,0.557032472164721,0.5543568915528253,0.2070090652173805,2.3611204723949384,0.015352785211101,0.0473520458791662,1.027680200265607,Adult
I,0.3188742136982991,0.1064587394761446,0.163748007488993,2.330870217711692,0.0337850826835338,0.0009610940678065,0.7319098786052937,Adult
I,0.7746012864673625,0.2038990327504554,0.2739474478664922,1.880232103150004,0.0102980044085041,0.0974862663641049,0.4258097069984128,Adult
I,0.8150108342941731,0.0817736514677593,0.1277900207762263,2.0965765575676363,0.0872236321351858,0.0100806419812039,0.1029542159148118,Adult
I,0.9009360325435712,0.155088858702324,0.1260304720446896,3.084619212629654,0.063191709810335,0.188569565210947,1.167620583316249,Child
I,0.5534702951143322,0.0961587912969741,0.0176311266017588,2.5688482822252805,0.0979868231944913,0.3438884557161686,0.8188319687720325,Child
I,0.7812900166767347,0.1744228736112324,0.0627582986347711,3.0552749298339514,0.186683684908702,0.2136697747503017,0.5932179336414295,Child
I,0.5239283310902869,0.4646139990528211,0.1080162239352383,2.883468775005209,0.0280034085039946,0.08883222007562,0.5643634575102509,Child
I,0.8481809072464217,0.2300528026851033,0.102367885230305,2.6149679828099366,0.2181713241917977,0.0016476193327949,0.463956944975484,Child
I,0.5095303790645102,0.0912112543163395,0.1974139362413407,2.7594310761104706,0.139138640671536,0.2188896403198492,0.4227758717384415,Child
I,0.3679710054186934,0.230223375385178,0.107883315393258,3.0108662110194664,0.0191172367020387,0.2584682853025837,0.536532624045242,Child
I,0.692349593969059,0.0621670455250255,0.2109138278090129,3.3068793280963398,0.0525341409820753,0.1307865799791679,0.512518477773929,Child
I,0.818397031682486,0.3711126650262845,0.3386078336904455,2.711391184270701,0.0371218199815044,0.0467345790887481,0.8596223782555438,Child
I,1.2458178713046184,0.8862972028854129,0.2461430343905385,0.0740746150341163,0.2584682961013823,0.670408926518139,0.7698357829355408,Child
I,0.7460459609967104,0.3220249999995116,0.2143402701831367,2.346742122445929,0.2873972743422918,0.0744082624950244,0.802426092766121,Adult
I,0.5945641250685513,0.0332511656730073,0.2134076129812695,2.90784330935482,0.1792317100935715,0.0802329632181569,0.7028726103008881,Child
F,0.9415218627397623,0.6381440062612912,0.1948019245229605,0.5116400144465376,2.1370709292606613,0.4749817044028914,0.0714492593695099,Adult
I,1.0697499160257475,0.3270614217278247,0.1575164159430292,2.2745904394679166,0.0548736413497637,0.0399176624809489,0.6856681965760382,Child
I,0.3234793629960614,0.1820586179865417,0.2675521195777423,2.584257447335155,0.0086417172841748,0.2409091943243197,0.2480059077617265,Child
I,0.4451750578801457,0.04057466525494,0.2272988877323525,3.0264723290259647,0.0773068326106076,0.0602298104645819,0.8181506685985201,Child
I,0.795616254813611,0.1396574892584534,0.1869947293761805,2.782724841575509,0.2507702447178133,0.2235136000164608,1.055727561369058,Child
F,1.0743276787893994,0.5966724069011687,0.2104112578133458,0.3384257342359614,2.1527220976482235,0.5256925758782814,0.1033283649878438,Adult
I,0.653206408254348,0.0448953610364658,0.2617436281999531,2.043663141866298,0.0194152308975502,0.3734312538315619,0.4456340874330468,Adult
I,0.6490030935716917,0.5889200805933053,0.2339657938444233,0.0685933110524504,2.1121875554672376,0.6264162804911846,0.259783629527109,Adult
I,0.8478575637743997,0.7640901382254135,0.3274694041434272,0.5790432113651454,2.1743488591419253,0.4273159722900874,0.4409825992604612,Adult
I,0.9699412461027822,0.774261175715934,0.1827951455291872,1.0148215654760042,2.184723791564549,0.6754717555556484,0.2261474346745595,Adult
F,0.8664382032676989,0.81101698090633,0.2937296384011095,0.8370619132910292,2.153653545093777,0.362739414442313,0.1679558125315655,Adult
I,0.5847685278175773,0.5290070963582406,0.129543164900867,2.712613871922938,0.1047578089211493,0.1343712114958687,0.3528559301625315,Child
I,0.2784322874938029,0.2776813138904026,0.0408934503812205,2.5960784673987085,0.0240946164383775,0.0263946232335191,1.0100104512588417,Adult
I,0.7819750362414396,0.6208365382047306,0.2822621045408847,0.5300685759254784,2.093391692566262,0.5507781597504545,0.4702628655587479,Adult
I,0.4891892081299465,0.2512427668986883,0.1312801550680712,3.084508170327714,0.1367879708771748,0.3438048950853474,0.4962795789381277,Child
I,0.6772561085449231,0.8231466817500503,0.1421631763998683,0.0444767336721335,2.1867552952537177,0.7335484043204386,0.2557769207860684,Adult
I,0.6010679279307893,0.5695681625255047,0.3723008922685988,2.8400632042726373,0.0838050067283494,0.0482680778499136,1.0764137614428382,Child
I,0.5080581987909606,0.903326441761707,0.3002784949583691,2.9213938269186643,0.0587435349394618,0.1036374675794653,0.9336280150183266,Child
F,0.8115985893232122,0.4994784326789634,0.2097908740800284,0.3964566762462984,2.1879591929689197,0.5453137617493456,0.7736583618766,Adult
I,0.8745087643848339,0.36350078944267,0.1436779905409071,3.073075743320476,0.1135487814147925,0.3824288413079691,0.683374301598715,Child
I,0.4385293078211352,0.3495874582694426,0.3894460316498237,2.202315121586224,0.0783230238464467,0.0374503754718617,0.2528249654087972,Adult
I,0.7796372963894747,0.5589363531994104,0.2573536819191397,2.3591430613221074,0.0602503329454821,0.0156219020221557,0.1158923121887061,Adult
I,0.3434467968453547,0.1536419245967626,0.2288987523740437,2.381130407478558,0.0321665599808281,0.2144354538173248,1.126873196361069,Adult
I,0.6996746099558437,0.6112501032978003,0.1153904552151794,0.1428885875325832,2.209188531965978,0.6562843365517075,0.55092996677966,Adult
I,0.961127754405379,0.3020185289567281,0.0255507269471133,2.53136884771884,0.1337562215850867,0.1463216976873902,0.3780798485910204,Child
I,1.7574385543311968,1.020138144981918,0.207039157641492,0.1809867936139128,0.1084515185852788,0.3982603895097927,0.5998505007120466,Child
I,0.6277905517500886,0.2728087693623688,0.1848686364727757,2.450259669412138,0.0121973280735077,0.4292514808910833,0.1605492668499024,Child
I,1.0047679782374503,0.3890950159626634,0.2909519406104603,0.7712815587201367,2.1546160590798262,0.4450631896225706,0.3238233873170764,Adult
I,0.2016808506989565,0.4978229147255872,0.3036416466443082,1.9455488007314603,0.0250744968711515,0.0615138946577285,0.4005203766642894,Adult
F,1.1526459897678722,0.5888216692702049,0.265295359394903,0.5588053775810954,2.2289241802927187,0.6796209032063657,0.344416761272698,Adult
I,0.7859594220083322,0.7180079198189985,0.2556048421441201,0.2348656207770493,2.2262935481110477,0.7742390908950265,0.4968177039957126,Adult
